essay,score
The benefits of regular exercise.,100
The benefits of regular exercise.,63
Ethical implications of genetic engineering.,76
Renewable energy sources.,75
Globalization and cultural diversity.,90
Ethical implications of genetic engineering.,85
Renewable energy sources.,85
Mental health awareness.,99
Technology and the future of work.,84
Renewable energy sources.,64
Ethical implications of genetic engineering.,67
Ethical implications of genetic engineering.,97
The role of social media in modern society.,100
Climate change and its impact.,60
Globalization and cultural diversity.,72
The importance of education in society.,88
Artificial intelligence and its applications.,79
The benefits of regular exercise.,64
The role of social media in modern society.,80
Renewable energy sources.,80
Technology and the future of work.,64
Renewable energy sources.,93
Artificial intelligence and its applications.,99
The benefits of regular exercise.,87
Renewable energy sources.,97
Globalization and cultural diversity.,61
Mental health awareness.,80
The importance of education in society.,71
Globalization and cultural diversity.,99
The benefits of regular exercise.,68
Ethical implications of genetic engineering.,91
Artificial intelligence and its applications.,68
The benefits of regular exercise.,94
Globalization and cultural diversity.,78
The importance of education in society.,95
Artificial intelligence and its applications.,83
The benefits of regular exercise.,75
Artificial intelligence and its applications.,74
Technology and the future of work.,66
Climate change and its impact.,93
Artificial intelligence and its applications.,72
The benefits of regular exercise.,71
Ethical implications of genetic engineering.,87
Renewable energy sources.,80
Renewable energy sources.,78
Globalization and cultural diversity.,79
Mental health awareness.,75
The importance of education in society.,96
The role of social media in modern society.,60
Ethical implications of genetic engineering.,60
Technology and the future of work.,89
Mental health awareness.,72
The importance of education in society.,83
The role of social media in modern society.,85
Ethical implications of genetic engineering.,100
Ethical implications of genetic engineering.,69
Technology and the future of work.,79
Technology and the future of work.,89
Ethical implications of genetic engineering.,78
Ethical implications of genetic engineering.,60
The role of social media in modern society.,90
The role of social media in modern society.,67
Renewable energy sources.,89
The benefits of regular exercise.,69
Globalization and cultural diversity.,80
Mental health awareness.,62
The role of social media in modern society.,71
Mental health awareness.,73
Mental health awareness.,68
Artificial intelligence and its applications.,71
Renewable energy sources.,71
Technology and the future of work.,84
The benefits of regular exercise.,100
Artificial intelligence and its applications.,98
Technology and the future of work.,69
Artificial intelligence and its applications.,73
The importance of education in society.,94
Renewable energy sources.,91
The benefits of regular exercise.,67
Technology and the future of work.,81
Renewable energy sources.,74
The role of social media in modern society.,61
The importance of education in society.,98
Technology and the future of work.,73
Renewable energy sources.,79
Mental health awareness.,76
Climate change and its impact.,95
Mental health awareness.,99
Renewable energy sources.,75
Climate change and its impact.,92
The benefits of regular exercise.,65
Renewable energy sources.,61
Globalization and cultural diversity.,87
The importance of education in society.,83
The role of social media in modern society.,95
The role of social media in modern society.,76
Technology and the future of work.,88
The importance of education in society.,61
Artificial intelligence and its applications.,67
Globalization and cultural diversity.,96
Technology and the future of work.,76
The importance of education in society.,68
The importance of education in society.,71
The importance of education in society.,78
Ethical implications of genetic engineering.,68
Technology and the future of work.,60
Artificial intelligence and its applications.,64
Mental health awareness.,89
The role of social media in modern society.,62
The benefits of regular exercise.,94
Technology and the future of work.,63
Artificial intelligence and its applications.,93
The benefits of regular exercise.,76
The benefits of regular exercise.,68
The importance of education in society.,92
Ethical implications of genetic engineering.,93
Renewable energy sources.,98
The role of social media in modern society.,98
Artificial intelligence and its applications.,91
The role of social media in modern society.,85
Technology and the future of work.,92
Mental health awareness.,92
The benefits of regular exercise.,90
Mental health awareness.,74
Technology and the future of work.,81
The benefits of regular exercise.,99
The role of social media in modern society.,79
Renewable energy sources.,61
Globalization and cultural diversity.,86
The role of social media in modern society.,99
Renewable energy sources.,98
The importance of education in society.,66
Climate change and its impact.,92
The benefits of regular exercise.,87
Climate change and its impact.,67
The importance of education in society.,97
Renewable energy sources.,61
Renewable energy sources.,84
Technology and the future of work.,91
Technology and the future of work.,66
Artificial intelligence and its applications.,77
Climate change and its impact.,88
Climate change and its impact.,78
The role of social media in modern society.,99
Mental health awareness.,82
Ethical implications of genetic engineering.,88
The importance of education in society.,79
Ethical implications of genetic engineering.,84
Globalization and cultural diversity.,84
Mental health awareness.,74
Globalization and cultural diversity.,66
The importance of education in society.,87
Renewable energy sources.,76
The benefits of regular exercise.,61
The role of social media in modern society.,88
The benefits of regular exercise.,96
Artificial intelligence and its applications.,65
The role of social media in modern society.,75
Renewable energy sources.,98
Technology and the future of work.,90
Ethical implications of genetic engineering.,98
Artificial intelligence and its applications.,70
The benefits of regular exercise.,76
The importance of education in society.,100
Globalization and cultural diversity.,76
Globalization and cultural diversity.,71
The importance of education in society.,80
Renewable energy sources.,70
Mental health awareness.,96
Technology and the future of work.,93
Mental health awareness.,66
The role of social media in modern society.,82
The role of social media in modern society.,81
Globalization and cultural diversity.,66
The role of social media in modern society.,94
Mental health awareness.,77
Mental health awareness.,69
The importance of education in society.,86
Mental health awareness.,96
Mental health awareness.,90
The benefits of regular exercise.,95
Renewable energy sources.,87
Artificial intelligence and its applications.,90
The importance of education in society.,82
Climate change and its impact.,72
Globalization and cultural diversity.,81
The benefits of regular exercise.,66
Ethical implications of genetic engineering.,100
Artificial intelligence and its applications.,60
Mental health awareness.,71
Mental health awareness.,90
Technology and the future of work.,82
Renewable energy sources.,99
Mental health awareness.,96
Ethical implications of genetic engineering.,69
Globalization and cultural diversity.,66
Renewable energy sources.,60
Artificial intelligence and its applications.,73
The importance of education in society.,79
Renewable energy sources.,68
The role of social media in modern society.,87
Ethical implications of genetic engineering.,85
The importance of education in society.,77
Ethical implications of genetic engineering.,93
The importance of education in society.,68
The importance of education in society.,100
Globalization and cultural diversity.,74
The role of social media in modern society.,73
Climate change and its impact.,62
Technology and the future of work.,99
Globalization and cultural diversity.,80
Mental health awareness.,78
Artificial intelligence and its applications.,97
Climate change and its impact.,63
Ethical implications of genetic engineering.,86
Renewable energy sources.,62
Globalization and cultural diversity.,67
Renewable energy sources.,96
Ethical implications of genetic engineering.,71
Globalization and cultural diversity.,97
Globalization and cultural diversity.,77
Ethical implications of genetic engineering.,94
Globalization and cultural diversity.,97
The benefits of regular exercise.,85
Artificial intelligence and its applications.,60
The benefits of regular exercise.,77
The role of social media in modern society.,73
Ethical implications of genetic engineering.,69
The role of social media in modern society.,94
Mental health awareness.,90
The benefits of regular exercise.,100
Climate change and its impact.,100
Technology and the future of work.,76
The benefits of regular exercise.,84
Globalization and cultural diversity.,68
The importance of education in society.,62
Renewable energy sources.,90
Climate change and its impact.,83
Globalization and cultural diversity.,69
Globalization and cultural diversity.,91
Ethical implications of genetic engineering.,96
The benefits of regular exercise.,80
Technology and the future of work.,69
Renewable energy sources.,83
Ethical implications of genetic engineering.,91
The role of social media in modern society.,99
Ethical implications of genetic engineering.,76
The benefits of regular exercise.,98
Technology and the future of work.,100
The role of social media in modern society.,78
Ethical implications of genetic engineering.,80
Artificial intelligence and its applications.,92
Globalization and cultural diversity.,77
The importance of education in society.,81
Mental health awareness.,61
Technology and the future of work.,87
The importance of education in society.,93
Renewable energy sources.,100
Ethical implications of genetic engineering.,79
The importance of education in society.,80
The benefits of regular exercise.,100
The role of social media in modern society.,100
The role of social media in modern society.,90
Climate change and its impact.,76
Mental health awareness.,84
Globalization and cultural diversity.,68
Technology and the future of work.,82
The importance of education in society.,94
The benefits of regular exercise.,89
Climate change and its impact.,75
Climate change and its impact.,68
Climate change and its impact.,95
Mental health awareness.,72
Renewable energy sources.,65
The role of social media in modern society.,73
Technology and the future of work.,81
Renewable energy sources.,63
The importance of education in society.,94
Mental health awareness.,76
Technology and the future of work.,83
Globalization and cultural diversity.,61
Technology and the future of work.,92
Renewable energy sources.,75
Renewable energy sources.,70
Globalization and cultural diversity.,75
Climate change and its impact.,78
The benefits of regular exercise.,85
Ethical implications of genetic engineering.,100
Globalization and cultural diversity.,72
The benefits of regular exercise.,66
Climate change and its impact.,68
Renewable energy sources.,61
The role of social media in modern society.,93
Technology and the future of work.,76
Technology and the future of work.,87
Globalization and cultural diversity.,88
Technology and the future of work.,61
Climate change and its impact.,62
Globalization and cultural diversity.,86
Ethical implications of genetic engineering.,75
Renewable energy sources.,90
Ethical implications of genetic engineering.,92
Artificial intelligence and its applications.,64
Climate change and its impact.,93
Artificial intelligence and its applications.,87
Climate change and its impact.,77
Renewable energy sources.,83
Renewable energy sources.,89
The importance of education in society.,86
Globalization and cultural diversity.,74
The benefits of regular exercise.,63
Technology and the future of work.,90
The importance of education in society.,87
The importance of education in society.,70
The role of social media in modern society.,76
Renewable energy sources.,68
Globalization and cultural diversity.,97
Artificial intelligence and its applications.,84
Climate change and its impact.,60
Ethical implications of genetic engineering.,80
The benefits of regular exercise.,81
Artificial intelligence and its applications.,83
The role of social media in modern society.,68
Technology and the future of work.,74
Technology and the future of work.,63
The importance of education in society.,92
Ethical implications of genetic engineering.,97
Climate change and its impact.,75
Technology and the future of work.,62
The importance of education in society.,83
Artificial intelligence and its applications.,95
Renewable energy sources.,86
The importance of education in society.,72
The role of social media in modern society.,92
The role of social media in modern society.,75
Ethical implications of genetic engineering.,96
Technology and the future of work.,99
Renewable energy sources.,100
Mental health awareness.,99
Renewable energy sources.,71
Renewable energy sources.,95
The benefits of regular exercise.,62
Technology and the future of work.,95
Climate change and its impact.,60
Technology and the future of work.,84
Ethical implications of genetic engineering.,97
Globalization and cultural diversity.,91
Technology and the future of work.,64
Ethical implications of genetic engineering.,79
Technology and the future of work.,90
Technology and the future of work.,94
Artificial intelligence and its applications.,81
The benefits of regular exercise.,100
Globalization and cultural diversity.,79
Mental health awareness.,66
Artificial intelligence and its applications.,66
Globalization and cultural diversity.,85
The benefits of regular exercise.,71
Globalization and cultural diversity.,88
Artificial intelligence and its applications.,91
Renewable energy sources.,68
Technology and the future of work.,73
Technology and the future of work.,74
Artificial intelligence and its applications.,73
Globalization and cultural diversity.,67
Ethical implications of genetic engineering.,98
The role of social media in modern society.,93
Ethical implications of genetic engineering.,80
Climate change and its impact.,100
Globalization and cultural diversity.,90
Globalization and cultural diversity.,87
The benefits of regular exercise.,72
The role of social media in modern society.,81
Renewable energy sources.,63
The importance of education in society.,64
The benefits of regular exercise.,72
Globalization and cultural diversity.,96
Mental health awareness.,80
Artificial intelligence and its applications.,62
Artificial intelligence and its applications.,63
The importance of education in society.,78
Renewable energy sources.,76
Mental health awareness.,73
Ethical implications of genetic engineering.,87
The role of social media in modern society.,75
The role of social media in modern society.,61
Mental health awareness.,83
Climate change and its impact.,95
Climate change and its impact.,79
The role of social media in modern society.,68
Mental health awareness.,69
The importance of education in society.,97
Artificial intelligence and its applications.,89
Globalization and cultural diversity.,82
The importance of education in society.,94
Globalization and cultural diversity.,75
Mental health awareness.,66
Mental health awareness.,97
Globalization and cultural diversity.,61
The role of social media in modern society.,69
Renewable energy sources.,65
Technology and the future of work.,70
The role of social media in modern society.,85
Artificial intelligence and its applications.,83
The role of social media in modern society.,64
The role of social media in modern society.,64
Climate change and its impact.,83
Mental health awareness.,75
Technology and the future of work.,82
The benefits of regular exercise.,98
Artificial intelligence and its applications.,68
Mental health awareness.,90
Mental health awareness.,94
The role of social media in modern society.,96
The benefits of regular exercise.,62
The role of social media in modern society.,89
Mental health awareness.,63
Mental health awareness.,85
Artificial intelligence and its applications.,87
Climate change and its impact.,74
The importance of education in society.,96
The importance of education in society.,78
The importance of education in society.,91
The benefits of regular exercise.,94
Renewable energy sources.,69
The role of social media in modern society.,73
Globalization and cultural diversity.,91
Climate change and its impact.,84
Artificial intelligence and its applications.,77
Globalization and cultural diversity.,96
Climate change and its impact.,68
Climate change and its impact.,61
Globalization and cultural diversity.,78
Artificial intelligence and its applications.,60
Globalization and cultural diversity.,90
Climate change and its impact.,70
Ethical implications of genetic engineering.,90
The benefits of regular exercise.,88
Technology and the future of work.,73
Mental health awareness.,87
Renewable energy sources.,100
The benefits of regular exercise.,68
The role of social media in modern society.,99
Mental health awareness.,76
Ethical implications of genetic engineering.,60
The importance of education in society.,86
The benefits of regular exercise.,89
Technology and the future of work.,86
Mental health awareness.,66
Technology and the future of work.,89
Technology and the future of work.,66
The importance of education in society.,73
Globalization and cultural diversity.,89
Ethical implications of genetic engineering.,82
The importance of education in society.,61
The role of social media in modern society.,63
Climate change and its impact.,90
The benefits of regular exercise.,73
The benefits of regular exercise.,68
Renewable energy sources.,94
Ethical implications of genetic engineering.,92
Technology and the future of work.,90
Ethical implications of genetic engineering.,89
Mental health awareness.,75
The benefits of regular exercise.,74
Climate change and its impact.,83
Globalization and cultural diversity.,63
Globalization and cultural diversity.,97
Mental health awareness.,86
Renewable energy sources.,63
Artificial intelligence and its applications.,77
Renewable energy sources.,100
Renewable energy sources.,94
Artificial intelligence and its applications.,72
The importance of education in society.,77
Technology and the future of work.,67
Artificial intelligence and its applications.,84
Globalization and cultural diversity.,83
Ethical implications of genetic engineering.,81
The importance of education in society.,65
Technology and the future of work.,66
Artificial intelligence and its applications.,69
Renewable energy sources.,79
Ethical implications of genetic engineering.,64
Globalization and cultural diversity.,94
Mental health awareness.,99
Mental health awareness.,74
Technology and the future of work.,64
The importance of education in society.,100
Mental health awareness.,92
Climate change and its impact.,83
The benefits of regular exercise.,65
Technology and the future of work.,76
Artificial intelligence and its applications.,71
The role of social media in modern society.,63
Mental health awareness.,62
Technology and the future of work.,79
Technology and the future of work.,92
Renewable energy sources.,79
Ethical implications of genetic engineering.,74
Globalization and cultural diversity.,73
The importance of education in society.,100
Mental health awareness.,78
The role of social media in modern society.,66
The importance of education in society.,76
The role of social media in modern society.,91
Renewable energy sources.,71
Ethical implications of genetic engineering.,81
Technology and the future of work.,62
Technology and the future of work.,87
Globalization and cultural diversity.,83
Artificial intelligence and its applications.,78
Climate change and its impact.,76
Globalization and cultural diversity.,69
Globalization and cultural diversity.,75
Mental health awareness.,82
Artificial intelligence and its applications.,61
Technology and the future of work.,67
Renewable energy sources.,95
Ethical implications of genetic engineering.,66
The role of social media in modern society.,62
Ethical implications of genetic engineering.,98
Mental health awareness.,73
The importance of education in society.,66
The importance of education in society.,61
The role of social media in modern society.,80
Ethical implications of genetic engineering.,83
Globalization and cultural diversity.,61
Globalization and cultural diversity.,85
Globalization and cultural diversity.,79
The importance of education in society.,76
The importance of education in society.,84
The benefits of regular exercise.,61
The importance of education in society.,86
Renewable energy sources.,87
Renewable energy sources.,72
Technology and the future of work.,71
Technology and the future of work.,64
Climate change and its impact.,91
Globalization and cultural diversity.,91
Artificial intelligence and its applications.,85
Renewable energy sources.,85
The importance of education in society.,72
Renewable energy sources.,100
Technology and the future of work.,61
Technology and the future of work.,100
The importance of education in society.,97
Renewable energy sources.,80
Ethical implications of genetic engineering.,78
Climate change and its impact.,97
Globalization and cultural diversity.,96
The benefits of regular exercise.,98
Technology and the future of work.,77
The importance of education in society.,68
The role of social media in modern society.,91
Renewable energy sources.,73
Renewable energy sources.,77
Mental health awareness.,80
The importance of education in society.,82
The importance of education in society.,74
Mental health awareness.,95
Renewable energy sources.,100
The importance of education in society.,67
Climate change and its impact.,82
Globalization and cultural diversity.,95
Globalization and cultural diversity.,79
The benefits of regular exercise.,98
The importance of education in society.,76
The role of social media in modern society.,88
Technology and the future of work.,82
Climate change and its impact.,90
Globalization and cultural diversity.,71
Climate change and its impact.,92
The importance of education in society.,76
Renewable energy sources.,82
Artificial intelligence and its applications.,66
Artificial intelligence and its applications.,68
The importance of education in society.,79
Mental health awareness.,70
The importance of education in society.,88
Renewable energy sources.,85
The importance of education in society.,88
Globalization and cultural diversity.,88
The benefits of regular exercise.,100
Artificial intelligence and its applications.,72
Renewable energy sources.,80
Climate change and its impact.,73
The role of social media in modern society.,84
The benefits of regular exercise.,100
Ethical implications of genetic engineering.,82
Artificial intelligence and its applications.,99
Climate change and its impact.,79
Technology and the future of work.,82
Globalization and cultural diversity.,70
Mental health awareness.,88
Globalization and cultural diversity.,81
Ethical implications of genetic engineering.,91
Ethical implications of genetic engineering.,90
Climate change and its impact.,73
The role of social media in modern society.,72
The role of social media in modern society.,87
Technology and the future of work.,67
Artificial intelligence and its applications.,97
Renewable energy sources.,94
The benefits of regular exercise.,73
The importance of education in society.,76
Renewable energy sources.,66
The benefits of regular exercise.,73
Climate change and its impact.,92
The importance of education in society.,86
Technology and the future of work.,97
Artificial intelligence and its applications.,63
Artificial intelligence and its applications.,73
Artificial intelligence and its applications.,86
Artificial intelligence and its applications.,98
Globalization and cultural diversity.,61
Artificial intelligence and its applications.,88
Globalization and cultural diversity.,93
Ethical implications of genetic engineering.,70
Globalization and cultural diversity.,65
The role of social media in modern society.,85
Globalization and cultural diversity.,70
The role of social media in modern society.,66
Climate change and its impact.,86
Technology and the future of work.,74
Climate change and its impact.,62
Artificial intelligence and its applications.,78
Globalization and cultural diversity.,62
Globalization and cultural diversity.,83
Technology and the future of work.,68
Mental health awareness.,99
Artificial intelligence and its applications.,78
Renewable energy sources.,83
Renewable energy sources.,97
Mental health awareness.,82
The role of social media in modern society.,86
Renewable energy sources.,100
Globalization and cultural diversity.,91
Mental health awareness.,77
Mental health awareness.,76
Globalization and cultural diversity.,73
Artificial intelligence and its applications.,63
The role of social media in modern society.,91
Ethical implications of genetic engineering.,61
Technology and the future of work.,89
Climate change and its impact.,65
Climate change and its impact.,89
Technology and the future of work.,62
The benefits of regular exercise.,71
Renewable energy sources.,81
The role of social media in modern society.,96
The benefits of regular exercise.,64
The benefits of regular exercise.,89
Renewable energy sources.,73
Ethical implications of genetic engineering.,99
Ethical implications of genetic engineering.,72
The role of social media in modern society.,66
Climate change and its impact.,70
The importance of education in society.,76
Artificial intelligence and its applications.,100
Globalization and cultural diversity.,68
Mental health awareness.,75
The role of social media in modern society.,94
Globalization and cultural diversity.,71
Ethical implications of genetic engineering.,82
Technology and the future of work.,97
Globalization and cultural diversity.,61
Ethical implications of genetic engineering.,67
Artificial intelligence and its applications.,74
Renewable energy sources.,74
The importance of education in society.,67
Technology and the future of work.,91
Artificial intelligence and its applications.,83
Technology and the future of work.,61
Climate change and its impact.,95
The benefits of regular exercise.,67
Technology and the future of work.,73
Climate change and its impact.,86
The importance of education in society.,60
Technology and the future of work.,97
Ethical implications of genetic engineering.,80
Globalization and cultural diversity.,79
Ethical implications of genetic engineering.,74
Renewable energy sources.,91
Artificial intelligence and its applications.,67
The role of social media in modern society.,68
The importance of education in society.,100
Mental health awareness.,93
Globalization and cultural diversity.,68
Globalization and cultural diversity.,86
The benefits of regular exercise.,77
Mental health awareness.,100
Climate change and its impact.,77
The benefits of regular exercise.,68
The benefits of regular exercise.,82
The importance of education in society.,76
Mental health awareness.,69
Mental health awareness.,90
Renewable energy sources.,81
Technology and the future of work.,95
The importance of education in society.,76
Climate change and its impact.,71
The importance of education in society.,75
The role of social media in modern society.,60
Globalization and cultural diversity.,68
Artificial intelligence and its applications.,98
Globalization and cultural diversity.,72
Ethical implications of genetic engineering.,93
The importance of education in society.,62
Artificial intelligence and its applications.,79
Climate change and its impact.,65
Globalization and cultural diversity.,78
Artificial intelligence and its applications.,98
Ethical implications of genetic engineering.,63
Climate change and its impact.,61
Globalization and cultural diversity.,64
The role of social media in modern society.,85
The importance of education in society.,97
Climate change and its impact.,92
The role of social media in modern society.,100
Renewable energy sources.,72
The importance of education in society.,77
The role of social media in modern society.,74
Ethical implications of genetic engineering.,80
Renewable energy sources.,66
The role of social media in modern society.,88
Globalization and cultural diversity.,76
The importance of education in society.,82
Climate change and its impact.,82
The role of social media in modern society.,99
The importance of education in society.,98
The benefits of regular exercise.,84
Technology and the future of work.,67
Mental health awareness.,78
Ethical implications of genetic engineering.,73
Artificial intelligence and its applications.,97
Mental health awareness.,62
Globalization and cultural diversity.,86
The role of social media in modern society.,80
Ethical implications of genetic engineering.,90
Mental health awareness.,80
The importance of education in society.,86
Globalization and cultural diversity.,91
Renewable energy sources.,62
Globalization and cultural diversity.,76
Renewable energy sources.,97
The benefits of regular exercise.,60
Ethical implications of genetic engineering.,72
Climate change and its impact.,61
Renewable energy sources.,96
Globalization and cultural diversity.,60
Ethical implications of genetic engineering.,96
Globalization and cultural diversity.,86
Renewable energy sources.,62
Artificial intelligence and its applications.,98
Artificial intelligence and its applications.,81
The role of social media in modern society.,95
Mental health awareness.,73
Globalization and cultural diversity.,76
Artificial intelligence and its applications.,67
Ethical implications of genetic engineering.,91
Mental health awareness.,63
Technology and the future of work.,69
Globalization and cultural diversity.,88
Climate change and its impact.,95
Climate change and its impact.,60
Mental health awareness.,88
The importance of education in society.,63
Mental health awareness.,91
Globalization and cultural diversity.,87
Climate change and its impact.,79
The importance of education in society.,88
Ethical implications of genetic engineering.,100
Mental health awareness.,100
Mental health awareness.,76
Globalization and cultural diversity.,87
Mental health awareness.,73
Climate change and its impact.,91
The importance of education in society.,77
The role of social media in modern society.,86
The role of social media in modern society.,98
Climate change and its impact.,80
The importance of education in society.,86
Renewable energy sources.,93
Ethical implications of genetic engineering.,93
Globalization and cultural diversity.,71
Globalization and cultural diversity.,76
Mental health awareness.,100
Technology and the future of work.,88
Climate change and its impact.,78
The role of social media in modern society.,99
Climate change and its impact.,64
Ethical implications of genetic engineering.,75
The benefits of regular exercise.,82
Mental health awareness.,75
Renewable energy sources.,71
Globalization and cultural diversity.,71
Ethical implications of genetic engineering.,70
Climate change and its impact.,86
Renewable energy sources.,75
Ethical implications of genetic engineering.,70
Technology and the future of work.,85
Climate change and its impact.,92
Globalization and cultural diversity.,72
Technology and the future of work.,94
Ethical implications of genetic engineering.,98
Artificial intelligence and its applications.,89
Technology and the future of work.,63
Artificial intelligence and its applications.,68
The importance of education in society.,97
Climate change and its impact.,74
Ethical implications of genetic engineering.,71
Ethical implications of genetic engineering.,60
Globalization and cultural diversity.,75
The role of social media in modern society.,77
Renewable energy sources.,78
Artificial intelligence and its applications.,81
The importance of education in society.,66
Ethical implications of genetic engineering.,76
The benefits of regular exercise.,98
Globalization and cultural diversity.,94
The importance of education in society.,77
The benefits of regular exercise.,80
Mental health awareness.,95
The benefits of regular exercise.,78
Technology and the future of work.,92
Artificial intelligence and its applications.,75
Mental health awareness.,83
Technology and the future of work.,80
Ethical implications of genetic engineering.,65
Globalization and cultural diversity.,79
Renewable energy sources.,78
The importance of education in society.,68
The importance of education in society.,97
Mental health awareness.,78
The benefits of regular exercise.,100
The importance of education in society.,79
Renewable energy sources.,94
Ethical implications of genetic engineering.,69
Globalization and cultural diversity.,86
Ethical implications of genetic engineering.,74
Artificial intelligence and its applications.,70
The importance of education in society.,90
Artificial intelligence and its applications.,85
Artificial intelligence and its applications.,77
Ethical implications of genetic engineering.,62
Globalization and cultural diversity.,75
Climate change and its impact.,90
Globalization and cultural diversity.,76
Renewable energy sources.,76
Technology and the future of work.,78
Climate change and its impact.,77
The role of social media in modern society.,95
Mental health awareness.,65
Ethical implications of genetic engineering.,93
Globalization and cultural diversity.,64
Ethical implications of genetic engineering.,83
Mental health awareness.,62
The importance of education in society.,85
Ethical implications of genetic engineering.,100
The role of social media in modern society.,67
The importance of education in society.,98
The benefits of regular exercise.,80
Mental health awareness.,80
Globalization and cultural diversity.,97
Ethical implications of genetic engineering.,84
Artificial intelligence and its applications.,72
Technology and the future of work.,68
Mental health awareness.,72
Artificial intelligence and its applications.,70
Artificial intelligence and its applications.,99
Mental health awareness.,60
The role of social media in modern society.,82
Technology and the future of work.,85
The importance of education in society.,100
The benefits of regular exercise.,79
Technology and the future of work.,76
The benefits of regular exercise.,71
Technology and the future of work.,92
The benefits of regular exercise.,88
Artificial intelligence and its applications.,72
Renewable energy sources.,93
The role of social media in modern society.,91
Ethical implications of genetic engineering.,75
Renewable energy sources.,70
Renewable energy sources.,76
Climate change and its impact.,74
Artificial intelligence and its applications.,75
Artificial intelligence and its applications.,70
Technology and the future of work.,91
Ethical implications of genetic engineering.,61
Globalization and cultural diversity.,88
The benefits of regular exercise.,84
Technology and the future of work.,70
Renewable energy sources.,65
Climate change and its impact.,64
Globalization and cultural diversity.,96
The importance of education in society.,63
The importance of education in society.,93
Ethical implications of genetic engineering.,78
The benefits of regular exercise.,94
Technology and the future of work.,61
The benefits of regular exercise.,78
The role of social media in modern society.,74
The benefits of regular exercise.,96
Mental health awareness.,75
The benefits of regular exercise.,83
Technology and the future of work.,62
The benefits of regular exercise.,71
Renewable energy sources.,61
Technology and the future of work.,86
Climate change and its impact.,99
Globalization and cultural diversity.,100
The role of social media in modern society.,93
Globalization and cultural diversity.,70
Mental health awareness.,61
Technology and the future of work.,60
Technology and the future of work.,60
The benefits of regular exercise.,73
Technology and the future of work.,91
The benefits of regular exercise.,71
Climate change and its impact.,78
Globalization and cultural diversity.,60
Globalization and cultural diversity.,74
Renewable energy sources.,77
The role of social media in modern society.,84
Artificial intelligence and its applications.,95
Ethical implications of genetic engineering.,87
The importance of education in society.,88
Mental health awareness.,77
Climate change and its impact.,98
The role of social media in modern society.,60
Globalization and cultural diversity.,77
Mental health awareness.,92
The role of social media in modern society.,89
Mental health awareness.,84
The role of social media in modern society.,92
The benefits of regular exercise.,97
The benefits of regular exercise.,81
Climate change and its impact.,63
Globalization and cultural diversity.,100
Artificial intelligence and its applications.,80
The role of social media in modern society.,84
The role of social media in modern society.,60
The role of social media in modern society.,79
Mental health awareness.,77
Mental health awareness.,74
Mental health awareness.,90
Climate change and its impact.,98
Ethical implications of genetic engineering.,66
Mental health awareness.,75
Mental health awareness.,60
The importance of education in society.,95
The benefits of regular exercise.,65
Ethical implications of genetic engineering.,83
Mental health awareness.,87
The benefits of regular exercise.,67
Renewable energy sources.,85
The benefits of regular exercise.,66
Climate change and its impact.,83
Renewable energy sources.,91
The benefits of regular exercise.,68
The importance of education in society.,65
The role of social media in modern society.,75
Climate change and its impact.,98
Climate change and its impact.,89
Ethical implications of genetic engineering.,84
Technology and the future of work.,69
Climate change and its impact.,78
The role of social media in modern society.,84
Climate change and its impact.,97
Artificial intelligence and its applications.,82
The role of social media in modern society.,94
Renewable energy sources.,87
Globalization and cultural diversity.,76
The benefits of regular exercise.,85
Climate change and its impact.,72
Artificial intelligence and its applications.,72
The benefits of regular exercise.,100
Artificial intelligence and its applications.,60
The role of social media in modern society.,79
Ethical implications of genetic engineering.,72
The benefits of regular exercise.,81
Mental health awareness.,85
Mental health awareness.,86
The importance of education in society.,82
Technology and the future of work.,64
Climate change and its impact.,91
Ethical implications of genetic engineering.,85
Mental health awareness.,63
The benefits of regular exercise.,91
The benefits of regular exercise.,80
Ethical implications of genetic engineering.,80
Globalization and cultural diversity.,91
Mental health awareness.,82
The role of social media in modern society.,98
The role of social media in modern society.,100
Renewable energy sources.,99
Mental health awareness.,85
Mental health awareness.,84
